product_id,product_name,price,og_price,product_link,img_url
E449895-000,Ultra Light Down Hooded Coat,4990.0,8990.0,https://www.uniqlo.com/in/en/products/E449895-000,https://image.uniqlo.com/UQ/ST3/AsianCommon/imagesgoods/449895/item/goods_09_449895.jpg
E462529-000,Pocketable UV Protection Parka (3D Cut),2990.0,3990.0,https://www.uniqlo.com/in/en/products/E462529-000,https://image.uniqlo.com/UQ/ST3/in/imagesgoods/462529/item/ingoods_15_462529.jpg
E453738-000,Fleece Button-Up Long Sleeve Pullover,1490.0,2490.0,https://www.uniqlo.com/in/en/products/E453738-000,https://image.uniqlo.com/UQ/ST3/AsianCommon/imagesgoods/453738/item/goods_01_453738.jpg
E453628-000,Pile Lined Sweat Long Sleeve Full-Zip Hoodie,1490.0,2990.0,https://www.uniqlo.com/in/en/products/E453628-000,https://image.uniqlo.com/UQ/ST3/AsianCommon/imagesgoods/453628/item/goods_03_453628.jpg
E461914-000,AIRism Cotton Striped Crew Neck Oversized T-Shirt,1490.0,1990.0,https://www.uniqlo.com/in/en/products/E461914-000,https://image.uniqlo.com/UQ/ST3/in/imagesgoods/461914/item/ingoods_00_461914.jpg
E457931-000,Oversized Striped Half Sleeve T-Shirt,990.0,1990.0,https://www.uniqlo.com/in/en/products/E457931-000,https://image.uniqlo.com/UQ/ST3/in/imagesgoods/457931/item/ingoods_12_457931.jpg
E457930-000,Oversized Striped Half Sleeve T-Shirt,990.0,1990.0,https://www.uniqlo.com/in/en/products/E457930-000,https://image.uniqlo.com/UQ/ST3/in/imagesgoods/457930/item/ingoods_03_457930.jpg
E457898-000,Rugger Striped Short Sleeve Polo Shirt,990.0,1990.0,https://www.uniqlo.com/in/en/products/E457898-000,https://image.uniqlo.com/UQ/ST3/in/imagesgoods/457898/item/ingoods_18_457898.jpg
E457897-000,Rugger Striped Short Sleeve Polo Shirt,990.0,1990.0,https://www.uniqlo.com/in/en/products/E457897-000,https://image.uniqlo.com/UQ/ST3/in/imagesgoods/457897/item/ingoods_46_457897.jpg
E456772-000,Dry-EX Crew Neck Short Sleeve T-Shirt,790.0,1290.0,https://www.uniqlo.com/in/en/products/E456772-000,https://image.uniqlo.com/UQ/ST3/in/imagesgoods/456772/item/ingoods_00_456772.jpg
E455414-000,Oversized Striped Half Sleeve T-Shirt,990.0,1990.0,https://www.uniqlo.com/in/en/products/E455414-000,https://image.uniqlo.com/UQ/ST3/in/imagesgoods/455414/item/ingoods_44_455414.jpg
E455390-000,Rugger Striped Short Sleeve Polo Shirt,990.0,1990.0,https://www.uniqlo.com/in/en/products/E455390-000,https://image.uniqlo.com/UQ/ST3/in/imagesgoods/455390/item/ingoods_01_455390.jpg
E455364-000,Relax Fitted V Neck Short Sleeve T-Shirt,990.0,1990.0,https://www.uniqlo.com/in/en/products/E455364-000,https://image.uniqlo.com/UQ/ST3/in/imagesgoods/455364/item/ingoods_00_455364.jpg
E452354-000,Dry Waffle Oversized Crew Neck T-Shirt,1490.0,1990.0,https://www.uniqlo.com/in/en/products/E452354-000,https://image.uniqlo.com/UQ/ST3/AsianCommon/imagesgoods/452354/item/goods_01_452354.jpg
E452353-000,Dry Waffle Oversized Henley Neck T-Shirt,1490.0,1990.0,https://www.uniqlo.com/in/en/products/E452353-000,https://image.uniqlo.com/UQ/ST3/AsianCommon/imagesgoods/452353/item/goods_01_452353.jpg
E445173-000,Dry-EX Crew Neck Short Sleeve T-Shirt,790.0,1290.0,https://www.uniqlo.com/in/en/products/E445173-000,https://image.uniqlo.com/UQ/ST3/AsianCommon/imagesgoods/445173/item/goods_00_445173.jpg
E427916-000,Dry V Neck Short Sleeve Colour T-Shirt,490.0,690.0,https://www.uniqlo.com/in/en/products/E427916-000,https://image.uniqlo.com/UQ/ST3/in/imagesgoods/427916/item/ingoods_00_427916.jpg
E464898-000,Dry-EX Short Sleeve Polo Shirt,1990.0,2490.0,https://www.uniqlo.com/in/en/products/E464898-000,https://image.uniqlo.com/UQ/ST3/AsianCommon/imagesgoods/464898/item/goods_08_464898.jpg
E464897-000,Dry-EX Short Sleeve Polo Shirt,1990.0,2490.0,https://www.uniqlo.com/in/en/products/E464897-000,https://image.uniqlo.com/UQ/ST3/AsianCommon/imagesgoods/464897/item/goods_16_464897.jpg
E445174-000,Dry-EX Short Sleeve Polo Shirt,990.0,1990.0,https://www.uniqlo.com/in/en/products/E445174-000,https://image.uniqlo.com/UQ/ST3/in/imagesgoods/445174/item/ingoods_00_445174.jpg
E461817-000,AIRism Short Sleeve Polo Shirt,1490.0,1990.0,https://www.uniqlo.com/in/en/products/E461817-000,https://image.uniqlo.com/UQ/ST3/in/imagesgoods/461817/item/ingoods_00_461817.jpg
E457937-000,AIRism Pique Short Sleeve Polo Shirt,1490.0,1990.0,https://www.uniqlo.com/in/en/products/E457937-000,https://image.uniqlo.com/UQ/ST3/in/imagesgoods/457937/item/ingoods_03_457937.jpg
E457936-000,AIRism Skipper Collar Short Sleeve Polo Shirt,990.0,1990.0,https://www.uniqlo.com/in/en/products/E457936-000,https://image.uniqlo.com/UQ/ST3/in/imagesgoods/457936/item/ingoods_00_457936.jpg
E457935-000,AIRism Short Sleeve Polo Shirt,1490.0,1990.0,https://www.uniqlo.com/in/en/products/E457935-000,https://image.uniqlo.com/UQ/ST3/in/imagesgoods/457935/item/ingoods_00_457935.jpg
E457904-000,Dry Pique Striped Short Sleeve Polo Shirt,990.0,1990.0,https://www.uniqlo.com/in/en/products/E457904-000,https://image.uniqlo.com/UQ/ST3/in/imagesgoods/457904/item/ingoods_00_457904.jpg
E457513-000,Dry Pique Striped Short Sleeve Polo Shirt,990.0,1990.0,https://www.uniqlo.com/in/en/products/E457513-000,https://image.uniqlo.com/UQ/ST3/in/imagesgoods/457513/item/ingoods_00_457513.jpg
E452408-000,Dry-EX Short Sleeve Polo Shirt,990.0,1990.0,https://www.uniqlo.com/in/en/products/E452408-000,https://image.uniqlo.com/UQ/ST3/AsianCommon/imagesgoods/452408/item/goods_00_452408.jpg
E448947-000,AIRism Regular Collar Polo Shirt,1490.0,1990.0,https://www.uniqlo.com/in/en/products/E448947-000,https://image.uniqlo.com/UQ/ST3/AsianCommon/imagesgoods/448947/item/goods_00_448947.jpg
E462377-000,Extra Fine Cotton Broadcloth Long Sleeve Shirt,1990.0,2990.0,https://www.uniqlo.com/in/en/products/E462377-000,https://image.uniqlo.com/UQ/ST3/in/imagesgoods/462377/item/ingoods_63_462377.jpg
E462375-000,Extra Fine Cotton Broadcloth Long Sleeve Shirt,1990.0,2990.0,https://www.uniqlo.com/in/en/products/E462375-000,https://image.uniqlo.com/UQ/ST3/in/imagesgoods/462375/item/ingoods_26_462375.jpg
E458354-000,Open Collar Short Sleeve Shirt,1490.0,1990.0,https://www.uniqlo.com/in/en/products/E458354-000,https://image.uniqlo.com/UQ/ST3/in/imagesgoods/458354/item/ingoods_69_458354.jpg
E458353-000,Open Collar Short Sleeve Shirt,1490.0,1990.0,https://www.uniqlo.com/in/en/products/E458353-000,https://image.uniqlo.com/UQ/ST3/in/imagesgoods/458353/item/ingoods_55_458353.jpg
E458352-000,Open Collar Short Sleeve Shirt,1490.0,1990.0,https://www.uniqlo.com/in/en/products/E458352-000,https://image.uniqlo.com/UQ/ST3/in/imagesgoods/458352/item/ingoods_01_458352.jpg
E458066-000,Open Collar Short Sleeve Shirt,1490.0,1990.0,https://www.uniqlo.com/in/en/products/E458066-000,https://image.uniqlo.com/UQ/ST3/in/imagesgoods/458066/item/ingoods_54_458066.jpg
E458065-000,Open Collar Short Sleeve Shirt,1490.0,1990.0,https://www.uniqlo.com/in/en/products/E458065-000,https://image.uniqlo.com/UQ/ST3/in/imagesgoods/458065/item/ingoods_09_458065.jpg
E457775-000,Linen Cotton Short Sleeve Shirt,1490.0,1990.0,https://www.uniqlo.com/in/en/products/E457775-000,https://image.uniqlo.com/UQ/ST3/in/imagesgoods/457775/item/ingoods_13_457775.jpg
E457451-000,Extra Fine Cotton Short Sleeve Shirt,1490.0,1990.0,https://www.uniqlo.com/in/en/products/E457451-000,https://image.uniqlo.com/UQ/ST3/in/imagesgoods/457451/item/ingoods_04_457451.jpg
E457450-000,Extra Fine Cotton Short Sleeve Shirt,1490.0,1990.0,https://www.uniqlo.com/in/en/products/E457450-000,https://image.uniqlo.com/UQ/ST3/in/imagesgoods/457450/item/ingoods_00_457450.jpg
E457449-000,Extra Fine Cotton Short Sleeve Shirt,1490.0,1990.0,https://www.uniqlo.com/in/en/products/E457449-000,https://image.uniqlo.com/UQ/ST3/AsianCommon/imagesgoods/457449/item/goods_17_457449.jpg
E457447-000,Extra Fine Cotton Short Sleeve Shirt,1490.0,1990.0,https://www.uniqlo.com/in/en/products/E457447-000,https://image.uniqlo.com/UQ/ST3/in/imagesgoods/457447/item/ingoods_46_457447.jpg
E457446-000,Extra Fine Cotton Short Sleeve Shirt,1490.0,1990.0,https://www.uniqlo.com/in/en/products/E457446-000,https://image.uniqlo.com/UQ/ST3/AsianCommon/imagesgoods/457446/item/goods_63_457446.jpg
E457445-000,Extra Fine Cotton Short Sleeve Shirt,1490.0,1990.0,https://www.uniqlo.com/in/en/products/E457445-000,https://image.uniqlo.com/UQ/ST3/AsianCommon/imagesgoods/457445/item/goods_55_457445.jpg
E457429-000,Linen Cotton Stand Collar Long Sleeve Shirt,1490.0,2990.0,https://www.uniqlo.com/in/en/products/E457429-000,https://image.uniqlo.com/UQ/ST3/in/imagesgoods/457429/item/ingoods_66_457429.jpg
E455975-000,Stand Collar Short Sleeve Shirt,1490.0,1990.0,https://www.uniqlo.com/in/en/products/E455975-000,https://image.uniqlo.com/UQ/ST3/in/imagesgoods/455975/item/ingoods_00_455975.jpg
E455971-000,Oxford Slim Fit Short Sleeve Shirt,990.0,1990.0,https://www.uniqlo.com/in/en/products/E455971-000,https://image.uniqlo.com/UQ/ST3/AsianCommon/imagesgoods/455971/item/goods_01_455971.jpg
E455970-000,Linen Cotton Short Sleeve Shirt,1490.0,1990.0,https://www.uniqlo.com/in/en/products/E455970-000,https://image.uniqlo.com/UQ/ST3/in/imagesgoods/455970/item/ingoods_00_455970.jpg
E455966-000,Linen Cotton Stand Collar Long Sleeve Shirt,1990.0,2990.0,https://www.uniqlo.com/in/en/products/E455966-000,https://image.uniqlo.com/UQ/ST3/in/imagesgoods/455966/item/ingoods_00_455966.jpg
E452816-000,Extra Fine Cotton Short Sleeve Shirt,1490.0,1990.0,https://www.uniqlo.com/in/en/products/E452816-000,https://image.uniqlo.com/UQ/ST3/AsianCommon/imagesgoods/452816/item/goods_00_452816.jpg
E451301-000,Flannel Checked Long Sleeve Shirt,1990.0,2490.0,https://www.uniqlo.com/in/en/products/E451301-000,https://image.uniqlo.com/UQ/ST3/AsianCommon/imagesgoods/451301/item/goods_48_451301.jpg
E457434-000,Dry Non Iron Jersey Short Sleeve Shirt,1490.0,1990.0,https://www.uniqlo.com/in/en/products/E457434-000,https://image.uniqlo.com/UQ/ST3/AsianCommon/imagesgoods/457434/item/goods_67_457434.jpg
E457432-000,Dry Non Iron Jersey Short Sleeve Shirt,1490.0,1990.0,https://www.uniqlo.com/in/en/products/E457432-000,https://image.uniqlo.com/UQ/ST3/AsianCommon/imagesgoods/457432/item/goods_66_457432.jpg
E452811-000,Oxford Short Sleeve Shirt,990.0,1990.0,https://www.uniqlo.com/in/en/products/E452811-000,https://image.uniqlo.com/UQ/ST3/AsianCommon/imagesgoods/452811/item/goods_01_452811.jpg
E448392-000,Dry Non Iron Jersey Short Sleeve Shirt,1490.0,1990.0,https://www.uniqlo.com/in/en/products/E448392-000,https://image.uniqlo.com/UQ/ST3/AsianCommon/imagesgoods/448392/item/goods_00_448392.jpg
E451674-000,HEATTECH Pile Lined Sweat Full-Zip Hoodie,1990.0,2990.0,https://www.uniqlo.com/in/en/products/E451674-000,https://image.uniqlo.com/UQ/ST3/AsianCommon/imagesgoods/451674/item/goods_03_451674.jpg
E464493-000,My Hero Academia UT (Short Sleeve Graphic T-Shirt),990.0,1490.0,https://www.uniqlo.com/in/en/products/E464493-000,https://image.uniqlo.com/UQ/ST3/in/imagesgoods/464493/item/ingoods_00_464493.jpg
E464491-000,My Hero Academia UT (Short Sleeve Graphic T-Shirt),990.0,1490.0,https://www.uniqlo.com/in/en/products/E464491-000,https://image.uniqlo.com/UQ/ST3/in/imagesgoods/464491/item/ingoods_00_464491.jpg
E464490-000,My Hero Academia UT (Short Sleeve Graphic T-Shirt),990.0,1490.0,https://www.uniqlo.com/in/en/products/E464490-000,https://image.uniqlo.com/UQ/ST3/in/imagesgoods/464490/item/ingoods_25_464490.jpg
E463104-000,Dragon Ball UT (Short Sleeve Graphic T-Shirt),790.0,1490.0,https://www.uniqlo.com/in/en/products/E463104-000,https://image.uniqlo.com/UQ/ST3/in/imagesgoods/463104/item/ingoods_74_463104.jpg
E463103-000,Dragon Ball UT (Short Sleeve Graphic T-Shirt),790.0,1490.0,https://www.uniqlo.com/in/en/products/E463103-000,https://image.uniqlo.com/UQ/ST3/in/imagesgoods/463103/item/ingoods_00_463103.jpg
E463102-000,Dragon Ball UT (Short Sleeve Graphic T-Shirt),790.0,1490.0,https://www.uniqlo.com/in/en/products/E463102-000,https://image.uniqlo.com/UQ/ST3/in/imagesgoods/463102/item/ingoods_00_463102.jpg
E463101-000,Dragon Ball UT (Short Sleeve Graphic T-Shirt),790.0,1490.0,https://www.uniqlo.com/in/en/products/E463101-000,https://image.uniqlo.com/UQ/ST3/in/imagesgoods/463101/item/ingoods_09_463101.jpg
E463096-000,UTGP 2023:MFA UT (Short Sleeve Graphic T-Shirt),790.0,1490.0,https://www.uniqlo.com/in/en/products/E463096-000,https://image.uniqlo.com/UQ/ST3/in/imagesgoods/463096/item/ingoods_00_463096.jpg
E463095-000,UTGP 2023:MFA UT (Short Sleeve Graphic T-Shirt),790.0,1490.0,https://www.uniqlo.com/in/en/products/E463095-000,https://image.uniqlo.com/UQ/ST3/in/imagesgoods/463095/item/ingoods_09_463095.jpg
E463094-000,UTGP 2023:MFA UT (Short Sleeve Graphic T-Shirt),790.0,1490.0,https://www.uniqlo.com/in/en/products/E463094-000,https://image.uniqlo.com/UQ/ST3/in/imagesgoods/463094/item/ingoods_00_463094.jpg
E463093-000,UTGP 2023:MFA UT (Short Sleeve Graphic T-Shirt),790.0,1490.0,https://www.uniqlo.com/in/en/products/E463093-000,https://image.uniqlo.com/UQ/ST3/in/imagesgoods/463093/item/ingoods_55_463093.jpg
E462903-000,My Hero Academia UT (Short Sleeve Graphic T-Shirt),990.0,1490.0,https://www.uniqlo.com/in/en/products/E462903-000,https://image.uniqlo.com/UQ/ST3/in/imagesgoods/462903/item/ingoods_08_462903.jpg
E462178-000,Detective Conan UT (Short Sleeve Graphic T-Shirt),790.0,1490.0,https://www.uniqlo.com/in/en/products/E462178-000,https://image.uniqlo.com/UQ/ST3/in/imagesgoods/462178/item/ingoods_72_462178.jpg
E462177-000,Detective Conan UT (Short Sleeve Graphic T-Shirt),790.0,1490.0,https://www.uniqlo.com/in/en/products/E462177-000,https://image.uniqlo.com/UQ/ST3/in/imagesgoods/462177/item/ingoods_09_462177.jpg
E462176-000,Detective Conan UT (Short Sleeve Graphic T-Shirt),790.0,1490.0,https://www.uniqlo.com/in/en/products/E462176-000,https://image.uniqlo.com/UQ/ST3/in/imagesgoods/462176/item/ingoods_30_462176.jpg
E462175-000,Detective Conan UT (Short Sleeve Graphic T-Shirt),790.0,1490.0,https://www.uniqlo.com/in/en/products/E462175-000,https://image.uniqlo.com/UQ/ST3/in/imagesgoods/462175/item/ingoods_69_462175.jpg
E462174-000,Detective Conan UT (Short Sleeve Graphic T-Shirt),790.0,1490.0,https://www.uniqlo.com/in/en/products/E462174-000,https://image.uniqlo.com/UQ/ST3/in/imagesgoods/462174/item/ingoods_00_462174.jpg
E462173-000,Detective Conan UT (Short Sleeve Graphic T-Shirt),790.0,1490.0,https://www.uniqlo.com/in/en/products/E462173-000,https://image.uniqlo.com/UQ/ST3/in/imagesgoods/462173/item/ingoods_61_462173.jpg
E462062-000,Pixar Art UT (Short Sleeve Graphic T-Shirt),990.0,1490.0,https://www.uniqlo.com/in/en/products/E462062-000,https://image.uniqlo.com/UQ/ST3/in/imagesgoods/462062/item/ingoods_00_462062.jpg
E462061-000,Pixar Art UT (Short Sleeve Graphic T-Shirt),990.0,1490.0,https://www.uniqlo.com/in/en/products/E462061-000,https://image.uniqlo.com/UQ/ST3/in/imagesgoods/462061/item/ingoods_69_462061.jpg
E462033-000,Pokemon UT (Short Sleeve Graphic T-Shirt),790.0,1490.0,https://www.uniqlo.com/in/en/products/E462033-000,https://image.uniqlo.com/UQ/ST3/in/imagesgoods/462033/item/ingoods_65_462033.jpg
E462031-000,Pokemon UT (Short Sleeve Graphic T-Shirt),790.0,1490.0,https://www.uniqlo.com/in/en/products/E462031-000,https://image.uniqlo.com/UQ/ST3/in/imagesgoods/462031/item/ingoods_00_462031.jpg
E461874-000,Dragon Ball UT (Short Sleeve Graphic T-Shirt),790.0,1490.0,https://www.uniqlo.com/in/en/products/E461874-000,https://image.uniqlo.com/UQ/ST3/in/imagesgoods/461874/item/ingoods_00_461874.jpg
E461416-000,Shochiku Kabuki UT (Short Sleeve Graphic T-Shirt),790.0,1490.0,https://www.uniqlo.com/in/en/products/E461416-000,https://image.uniqlo.com/UQ/ST3/in/imagesgoods/461416/item/ingoods_00_461416.jpg
E461338-000,Mickey X Keith UT (Short Sleeve Graphic T-Shirt),790.0,1490.0,https://www.uniqlo.com/in/en/products/E461338-000,https://image.uniqlo.com/UQ/ST3/AsianCommon/imagesgoods/461338/item/goods_00_461338.jpg
E461337-000,Mickey X Keith UT (Short Sleeve Graphic T-Shirt),790.0,1490.0,https://www.uniqlo.com/in/en/products/E461337-000,https://image.uniqlo.com/UQ/ST3/AsianCommon/imagesgoods/461337/item/goods_00_461337.jpg
E461335-000,L.A. Eats UT (Short Sleeve Graphic T-Shirt),990.0,1490.0,https://www.uniqlo.com/in/en/products/E461335-000,https://image.uniqlo.com/UQ/ST3/in/imagesgoods/461335/item/ingoods_69_461335.jpg
E461334-000,L.A. Eats UT (Short Sleeve Graphic T-Shirt),990.0,1490.0,https://www.uniqlo.com/in/en/products/E461334-000,https://image.uniqlo.com/UQ/ST3/in/imagesgoods/461334/item/ingoods_31_461334.jpg
E461333-000,L.A. Eats UT (Short Sleeve Graphic T-Shirt),990.0,1490.0,https://www.uniqlo.com/in/en/products/E461333-000,https://image.uniqlo.com/UQ/ST3/in/imagesgoods/461333/item/ingoods_00_461333.jpg
E460290-000,Spy X Family UT (Short Sleeve Graphic T-Shirt),790.0,1490.0,https://www.uniqlo.com/in/en/products/E460290-000,https://image.uniqlo.com/UQ/ST3/AsianCommon/imagesgoods/460290/item/goods_08_460290.jpg
E459570-000,Pokemon UT (Short Sleeve Graphic T-Shirt),790.0,1490.0,https://www.uniqlo.com/in/en/products/E459570-000,https://image.uniqlo.com/UQ/ST3/in/imagesgoods/459570/item/ingoods_00_459570.jpg
E459551-000,My Hero Academia UT (Short Sleeve Graphic T-Shirt),990.0,1490.0,https://www.uniqlo.com/in/en/products/E459551-000,https://image.uniqlo.com/UQ/ST3/in/imagesgoods/459551/item/ingoods_00_459551.jpg
E459359-000,Ukiyoe Archive UT (Short Sleeve Graphic T-Shirt),990.0,1490.0,https://www.uniqlo.com/in/en/products/E459359-000,https://image.uniqlo.com/UQ/ST3/AsianCommon/imagesgoods/459359/item/goods_69_459359.jpg
E459350-000,Bleach Ut Archive UT (Short Sleeve Graphic T-Shirt),990.0,1490.0,https://www.uniqlo.com/in/en/products/E459350-000,https://image.uniqlo.com/UQ/ST3/AsianCommon/imagesgoods/459350/item/goods_11_459350.jpg
E459346-000,Bleach Ut Archive UT (Short Sleeve Graphic T-Shirt),990.0,1490.0,https://www.uniqlo.com/in/en/products/E459346-000,https://image.uniqlo.com/UQ/ST3/AsianCommon/imagesgoods/459346/item/goods_00_459346.jpg
E459340-000,L.A. Eats UT (Short Sleeve Graphic T-Shirt),990.0,1490.0,https://www.uniqlo.com/in/en/products/E459340-000,https://image.uniqlo.com/UQ/ST3/in/imagesgoods/459340/item/ingoods_00_459340.jpg
E459315-000,Andy Warhol Ut Archive UT (Short Sleeve Graphic T-Shirt),790.0,1490.0,https://www.uniqlo.com/in/en/products/E459315-000,https://image.uniqlo.com/UQ/ST3/in/imagesgoods/459315/item/ingoods_09_459315.jpg
E459312-000,Andy Warhol Ut Archive UT (Short Sleeve Graphic T-Shirt),790.0,1490.0,https://www.uniqlo.com/in/en/products/E459312-000,https://image.uniqlo.com/UQ/ST3/in/imagesgoods/459312/item/ingoods_00_459312.jpg
E459299-000,L.A. Eats UT (Short Sleeve Graphic T-Shirt),990.0,1490.0,https://www.uniqlo.com/in/en/products/E459299-000,https://image.uniqlo.com/UQ/ST3/in/imagesgoods/459299/item/ingoods_64_459299.jpg
E459283-000,Spy X Family UT (Short Sleeve Graphic T-Shirt),790.0,1490.0,https://www.uniqlo.com/in/en/products/E459283-000,https://image.uniqlo.com/UQ/ST3/AsianCommon/imagesgoods/459283/item/goods_30_459283.jpg
E459216-000,The Mario Movie UT (Short Sleeve Graphic T-Shirt),790.0,1490.0,https://www.uniqlo.com/in/en/products/E459216-000,https://image.uniqlo.com/UQ/ST3/in/imagesgoods/459216/item/ingoods_10_459216.jpg
E459214-000,The Mario Movie UT (Short Sleeve Graphic T-Shirt),790.0,1490.0,https://www.uniqlo.com/in/en/products/E459214-000,https://image.uniqlo.com/UQ/ST3/in/imagesgoods/459214/item/ingoods_00_459214.jpg
E459209-000,One Piece Ut Archive UT (Short Sleeve Graphic T-Shirt),990.0,1490.0,https://www.uniqlo.com/in/en/products/E459209-000,https://image.uniqlo.com/UQ/ST3/AsianCommon/imagesgoods/459209/item/goods_00_459209.jpg
E459206-000,One Piece Ut Archive UT (Short Sleeve Graphic T-Shirt),990.0,1490.0,https://www.uniqlo.com/in/en/products/E459206-000,https://image.uniqlo.com/UQ/ST3/AsianCommon/imagesgoods/459206/item/goods_00_459206.jpg
E459203-000,Naruto Ut Archive UT (Short Sleeve Graphic T-Shirt),990.0,1490.0,https://www.uniqlo.com/in/en/products/E459203-000,https://image.uniqlo.com/UQ/ST3/AsianCommon/imagesgoods/459203/item/goods_69_459203.jpg
E459202-000,Hypebeast UT (Short Sleeve Graphic T-Shirt),790.0,1490.0,https://www.uniqlo.com/in/en/products/E459202-000,https://image.uniqlo.com/UQ/ST3/AsianCommon/imagesgoods/459202/item/goods_09_459202.jpg
E459201-000,Hypebeast UT (Short Sleeve Graphic T-Shirt),790.0,1490.0,https://www.uniqlo.com/in/en/products/E459201-000,https://image.uniqlo.com/UQ/ST3/AsianCommon/imagesgoods/459201/item/goods_00_459201.jpg
E459200-000,Hypebeast UT (Short Sleeve Graphic T-Shirt),790.0,1490.0,https://www.uniqlo.com/in/en/products/E459200-000,https://image.uniqlo.com/UQ/ST3/AsianCommon/imagesgoods/459200/item/goods_00_459200.jpg
E458754-000,Retro Peanuts UT (Short Sleeve Graphic T-Shirt),790.0,1490.0,https://www.uniqlo.com/in/en/products/E458754-000,https://image.uniqlo.com/UQ/ST3/AsianCommon/imagesgoods/458754/item/goods_23_458754.jpg
E458751-000,Retro Peanuts UT (Short Sleeve Graphic T-Shirt),790.0,1490.0,https://www.uniqlo.com/in/en/products/E458751-000,https://image.uniqlo.com/UQ/ST3/AsianCommon/imagesgoods/458751/item/goods_43_458751.jpg
E458750-000,Shin Kamen Rider UT (Short Sleeve Graphic T-Shirt),590.0,1490.0,https://www.uniqlo.com/in/en/products/E458750-000,https://image.uniqlo.com/UQ/ST3/AsianCommon/imagesgoods/458750/item/goods_00_458750.jpg
E458730-000,MoMA's Video Game UT (Short Sleeve Graphic T-Shirt),590.0,1490.0,https://www.uniqlo.com/in/en/products/E458730-000,https://image.uniqlo.com/UQ/ST3/AsianCommon/imagesgoods/458730/item/goods_00_458730.jpg
E458601-000,Mickey Stands UT (Short Sleeve Graphic T-Shirt),790.0,1490.0,https://www.uniqlo.com/in/en/products/E458601-000,https://image.uniqlo.com/UQ/ST3/AsianCommon/imagesgoods/458601/item/goods_53_458601.jpg
E458598-000,Shin Ultraman UT (Short Sleeve Graphic T-Shirt),590.0,1490.0,https://www.uniqlo.com/in/en/products/E458598-000,https://image.uniqlo.com/UQ/ST3/AsianCommon/imagesgoods/458598/item/goods_00_458598.jpg
E458322-000,Disney Beyond Time UT (Short Sleeve Graphic T-Shirt),790.0,1490.0,https://www.uniqlo.com/in/en/products/E458322-000,https://image.uniqlo.com/UQ/ST3/AsianCommon/imagesgoods/458322/item/goods_09_458322.jpg
E458240-000,Disney Beyond Time UT (Short Sleeve Graphic T-Shirt),790.0,1490.0,https://www.uniqlo.com/in/en/products/E458240-000,https://image.uniqlo.com/UQ/ST3/AsianCommon/imagesgoods/458240/item/goods_63_458240.jpg
E457983-000,Pixar Art UT (Short Sleeve Graphic T-Shirt),990.0,1490.0,https://www.uniqlo.com/in/en/products/E457983-000,https://image.uniqlo.com/UQ/ST3/in/imagesgoods/457983/item/ingoods_00_457983.jpg
E457960-000,Shochiku Kabuki UT (Short Sleeve Graphic T-Shirt),790.0,1490.0,https://www.uniqlo.com/in/en/products/E457960-000,https://image.uniqlo.com/UQ/ST3/in/imagesgoods/457960/item/ingoods_09_457960.jpg
E457872-000,Mickey Stands UT (Short Sleeve Graphic T-Shirt),590.0,1490.0,https://www.uniqlo.com/in/en/products/E457872-000,https://image.uniqlo.com/UQ/ST3/AsianCommon/imagesgoods/457872/item/goods_09_457872.jpg
E457727-000,Shochiku Kabuki UT (Short Sleeve Graphic T-Shirt),790.0,1490.0,https://www.uniqlo.com/in/en/products/E457727-000,https://image.uniqlo.com/UQ/ST3/in/imagesgoods/457727/item/ingoods_00_457727.jpg
E457397-000,Boston Museum UT (Short Sleeve Graphic T-Shirt),590.0,1490.0,https://www.uniqlo.com/in/en/products/E457397-000,https://image.uniqlo.com/UQ/ST3/AsianCommon/imagesgoods/457397/item/goods_01_457397.jpg
E457247-000,Log/Herb Lubalin UT (Short Sleeve Graphic T-Shirt),790.0,1490.0,https://www.uniqlo.com/in/en/products/E457247-000,https://image.uniqlo.com/UQ/ST3/AsianCommon/imagesgoods/457247/item/goods_00_457247.jpg
E456431-000,Naruto Ut Archive UT (Short Sleeve Graphic T-Shirt),990.0,1490.0,https://www.uniqlo.com/in/en/products/E456431-000,https://image.uniqlo.com/UQ/ST3/AsianCommon/imagesgoods/456431/item/goods_00_456431.jpg
E456425-000,Hypebeast UT (Short Sleeve Graphic T-Shirt),790.0,1490.0,https://www.uniqlo.com/in/en/products/E456425-000,https://image.uniqlo.com/UQ/ST3/AsianCommon/imagesgoods/456425/item/goods_71_456425.jpg
E456421-000,The Mario Movie UT (Short Sleeve Graphic T-Shirt),790.0,1490.0,https://www.uniqlo.com/in/en/products/E456421-000,https://image.uniqlo.com/UQ/ST3/in/imagesgoods/456421/item/ingoods_09_456421.jpg
E456314-000,Detective Conan UT (Short Sleeve Graphic T-Shirt),790.0,1490.0,https://www.uniqlo.com/in/en/products/E456314-000,https://image.uniqlo.com/UQ/ST3/in/imagesgoods/456314/item/ingoods_00_456314.jpg
E456312-000,Alex Olson UT (Short Sleeve Graphic T-Shirt),590.0,1490.0,https://www.uniqlo.com/in/en/products/E456312-000,https://image.uniqlo.com/UQ/ST3/AsianCommon/imagesgoods/456312/item/goods_00_456312.jpg
E456310-000,Disney Beyond Time UT (Short Sleeve Graphic T-Shirt),790.0,1490.0,https://www.uniqlo.com/in/en/products/E456310-000,https://image.uniqlo.com/UQ/ST3/AsianCommon/imagesgoods/456310/item/goods_00_456310.jpg
E456308-000,UTGP 2023:MFA UT (Short Sleeve Graphic T-Shirt),790.0,1490.0,https://www.uniqlo.com/in/en/products/E456308-000,https://image.uniqlo.com/UQ/ST3/in/imagesgoods/456308/item/ingoods_00_456308.jpg
E456303-000,Log/Paul Rand UT (Short Sleeve Graphic T-Shirt),790.0,1490.0,https://www.uniqlo.com/in/en/products/E456303-000,https://image.uniqlo.com/UQ/ST3/AsianCommon/imagesgoods/456303/item/goods_00_456303.jpg
E456302-000,L.A. Eats UT (Short Sleeve Graphic T-Shirt),990.0,1490.0,https://www.uniqlo.com/in/en/products/E456302-000,https://image.uniqlo.com/UQ/ST3/in/imagesgoods/456302/item/ingoods_55_456302.jpg
E456301-000,Louvre UT (Short Sleeve Graphic T-Shirt),990.0,1490.0,https://www.uniqlo.com/in/en/products/E456301-000,https://image.uniqlo.com/UQ/ST3/in/imagesgoods/456301/item/ingoods_00_456301.jpg
E452671-000,Ukiyoe Archive UT (Short Sleeve Graphic T-Shirt),990.0,1490.0,https://www.uniqlo.com/in/en/products/E452671-000,https://image.uniqlo.com/UQ/ST3/AsianCommon/imagesgoods/452671/item/goods_66_452671.jpg
E452670-000,Ukiyoe Archive UT (Short Sleeve Graphic T-Shirt),990.0,1490.0,https://www.uniqlo.com/in/en/products/E452670-000,https://image.uniqlo.com/UQ/ST3/AsianCommon/imagesgoods/452670/item/goods_01_452670.jpg
E445600-000,Mickey Stands UT (Short Sleeve Graphic T-Shirt),790.0,1490.0,https://www.uniqlo.com/in/en/products/E445600-000,https://image.uniqlo.com/UQ/ST3/AsianCommon/imagesgoods/445600/item/goods_00_445600.jpg
E467056-000,MFA Forever UT (Short Sleeve Graphic T-Shirt),990.0,1490.0,https://www.uniqlo.com/in/en/products/E467056-000,https://image.uniqlo.com/UQ/ST3/in/imagesgoods/467056/item/ingoods_00_467056.jpg
E466910-000,MFA Forever UT (Short Sleeve Graphic T-Shirt),990.0,1490.0,https://www.uniqlo.com/in/en/products/E466910-000,https://image.uniqlo.com/UQ/ST3/in/imagesgoods/466910/item/ingoods_00_466910.jpg
E459303-000,Shinpei Ueno Half Sleeve UT,590.0,1490.0,https://www.uniqlo.com/in/en/products/E459303-000,https://image.uniqlo.com/UQ/ST3/AsianCommon/imagesgoods/459303/item/goods_00_459303.jpg
E451329-000,Stretch Fleece Easy Ankle Pants,1490.0,1990.0,https://www.uniqlo.com/in/en/products/E451329-000,https://image.uniqlo.com/UQ/ST3/AsianCommon/imagesgoods/451329/item/goods_08_451329.jpg
E451325-000,Knitted Fleece Easy Ankle Pants,1490.0,1990.0,https://www.uniqlo.com/in/en/products/E451325-000,https://image.uniqlo.com/UQ/ST3/AsianCommon/imagesgoods/451325/item/goods_04_451325.jpg
E455903-000,AIRism Cotton Easy Shorts,990.0,1290.0,https://www.uniqlo.com/in/en/products/E455903-000,https://image.uniqlo.com/UQ/ST3/in/imagesgoods/455903/item/ingoods_04_455903.jpg
E451332-000,AIRism Cotton Easy Shorts,990.0,1290.0,https://www.uniqlo.com/in/en/products/E451332-000,https://image.uniqlo.com/UQ/ST3/AsianCommon/imagesgoods/451332/item/goods_04_451332.jpg
E448666-000,AIRism Cotton Easy Shorts,990.0,1290.0,https://www.uniqlo.com/in/en/products/E448666-000,https://image.uniqlo.com/UQ/ST3/AsianCommon/imagesgoods/448666/item/goods_04_448666.jpg
E455497-000,Linen Blend Relaxed Trousers,1990.0,2990.0,https://www.uniqlo.com/in/en/products/E455497-000,https://image.uniqlo.com/UQ/ST3/in/imagesgoods/455497/item/ingoods_06_455497.jpg
E456930-000,Washed Jersey Ankle Pants,990.0,1990.0,https://www.uniqlo.com/in/en/products/E456930-000,https://image.uniqlo.com/UQ/ST3/AsianCommon/imagesgoods/456930/item/goods_08_456930.jpg
E448595-000,Extra Stretch Active Jogger Trousers,990.0,1990.0,https://www.uniqlo.com/in/en/products/E448595-000,https://image.uniqlo.com/UQ/ST3/AsianCommon/imagesgoods/448595/item/goods_03_448595.jpg
E422967-000,Extra Stretch Active Jogger Pants,990.0,1990.0,https://www.uniqlo.com/in/en/products/E422967-000,https://image.uniqlo.com/UQ/ST3/AsianCommon/imagesgoods/422967/item/goods_03_422967.jpg
E461332-001,Active Utility Shorts,790.0,1990.0,https://www.uniqlo.com/in/en/products/E461332-001,https://image.uniqlo.com/UQ/ST3/in/imagesgoods/461332001/item/ingoods_65_461332001.jpg
E461332-000,Active Utility Shorts,790.0,1990.0,https://www.uniqlo.com/in/en/products/E461332-000,https://image.uniqlo.com/UQ/ST3/in/imagesgoods/461332/item/ingoods_50_461332.jpg
E460663-000,Stretch Slim Fit Shorts,790.0,1990.0,https://www.uniqlo.com/in/en/products/E460663-000,https://image.uniqlo.com/UQ/ST3/in/imagesgoods/460663/item/ingoods_00_460663.jpg
E460620-001,Active Utility Shorts,790.0,1990.0,https://www.uniqlo.com/in/en/products/E460620-001,https://image.uniqlo.com/UQ/ST3/in/imagesgoods/460620001/item/ingoods_27_460620001.jpg
E460620-000,Active Utility Shorts,790.0,1990.0,https://www.uniqlo.com/in/en/products/E460620-000,https://image.uniqlo.com/UQ/ST3/in/imagesgoods/460620/item/ingoods_27_460620.jpg
E458939-000,Active Utility Shorts,790.0,1990.0,https://www.uniqlo.com/in/en/products/E458939-000,https://image.uniqlo.com/UQ/ST3/in/imagesgoods/458939/item/ingoods_02_458939.jpg
E457685-000,Stretch Slim Fit Printed Shorts,990.0,1990.0,https://www.uniqlo.com/in/en/products/E457685-000,https://image.uniqlo.com/UQ/ST3/in/imagesgoods/457685/item/ingoods_31_457685.jpg
E455533-000,Stretch Slim Fit Shorts,990.0,1990.0,https://www.uniqlo.com/in/en/products/E455533-000,https://image.uniqlo.com/UQ/ST3/in/imagesgoods/455533/item/ingoods_00_455533.jpg
E457577-000,Extra Stretch Jeans,1990.0,2990.0,https://www.uniqlo.com/in/en/products/E457577-000,https://image.uniqlo.com/UQ/ST3/AsianCommon/imagesgoods/457577/item/goods_60_457577.jpg
E456745-000,Classic Cut Jeans (Helmut Lang),3990.0,7990.0,https://www.uniqlo.com/in/en/products/E456745-000,https://image.uniqlo.com/UQ/ST3/in/imagesgoods/456745/item/ingoods_01_456745.jpg
E459173-000,Washed Jersey Easy Shorts,990.0,1290.0,https://www.uniqlo.com/in/en/products/E459173-000,https://image.uniqlo.com/UQ/ST3/in/imagesgoods/459173/item/ingoods_01_459173.jpg
E461575-000,Stretch Slim Fit Printed Shorts,790.0,1990.0,https://www.uniqlo.com/in/en/products/E461575-000,https://image.uniqlo.com/UQ/ST3/in/imagesgoods/461575/item/ingoods_09_461575.jpg
E433110-000,Washed Jersey Easy Shorts,390.0,1290.0,https://www.uniqlo.com/in/en/products/E433110-000,https://image.uniqlo.com/UQ/ST3/AsianCommon/imagesgoods/433110/item/goods_01_433110.jpg
E455900-000,Stretch Easy Shorts (Chambray),790.0,1290.0,https://www.uniqlo.com/in/en/products/E455900-000,https://image.uniqlo.com/UQ/ST3/in/imagesgoods/455900/item/ingoods_63_455900.jpg
E455536-000,Cargo Shorts,990.0,1990.0,https://www.uniqlo.com/in/en/products/E455536-000,https://image.uniqlo.com/UQ/ST3/in/imagesgoods/455536/item/ingoods_01_455536.jpg
E454780-000,Dry Stretch Easy Shorts,790.0,1290.0,https://www.uniqlo.com/in/en/products/E454780-000,https://image.uniqlo.com/UQ/ST3/in/imagesgoods/454780/item/ingoods_08_454780.jpg
E456838-000,Washed Jersey Jogger Pants,990.0,1990.0,https://www.uniqlo.com/in/en/products/E456838-000,https://image.uniqlo.com/UQ/ST3/in/imagesgoods/456838/item/ingoods_01_456838.jpg
E445175-000,Dry-EX Shorts,790.0,1990.0,https://www.uniqlo.com/in/en/products/E445175-000,https://image.uniqlo.com/UQ/ST3/AsianCommon/imagesgoods/445175/item/goods_03_445175.jpg
E451675-000,HEATTECH Pile Lined Sweat Pants,1990.0,2490.0,https://www.uniqlo.com/in/en/products/E451675-000,https://image.uniqlo.com/UQ/ST3/AsianCommon/imagesgoods/451675/item/goods_03_451675.jpg
E456549-000,AIRism Anti Odor Mesh V Neck T-Shirt,590.0,990.0,https://www.uniqlo.com/in/en/products/E456549-000,https://image.uniqlo.com/UQ/ST3/in/imagesgoods/456549/item/ingoods_00_456549.jpg
E454317-000,AIRism Anti Odor Mesh Crew Neck Short Sleeve T-Shirt,590.0,990.0,https://www.uniqlo.com/in/en/products/E454317-000,https://image.uniqlo.com/UQ/ST3/in/imagesgoods/454317/item/ingoods_00_454317.jpg
E453707-000,Sports Half Rim Sunglasses,990.0,1990.0,https://www.uniqlo.com/in/en/products/E453707-000,https://image.uniqlo.com/UQ/ST3/AsianCommon/imagesgoods/453707/item/goods_00_453707.jpg
E457484-000,AIRism Cotton Tank Top,790.0,990.0,https://www.uniqlo.com/in/en/products/E457484-000,https://image.uniqlo.com/UQ/ST3/in/imagesgoods/457484/item/ingoods_00_457484.jpg
E456498-000,Cotton Striped Boxer Briefs,190.0,490.0,https://www.uniqlo.com/in/en/products/E456498-000,https://image.uniqlo.com/UQ/ST3/AsianCommon/imagesgoods/456498/item/goods_17_456498.jpg
E444398-000,AIRism Cotton Tank Top,790.0,990.0,https://www.uniqlo.com/in/en/products/E444398-000,https://image.uniqlo.com/UQ/ST3/AsianCommon/imagesgoods/444398/item/goods_00_444398.jpg
E442222-000,Italian Leather Vintage Belt,1490.0,1990.0,https://www.uniqlo.com/in/en/products/E442222-000,https://image.uniqlo.com/UQ/ST3/AsianCommon/imagesgoods/442222/item/goods_09_442222.jpg
E437779-000,AIRism Face Mask (Pack of 3),190.0,790.0,https://www.uniqlo.com/in/en/products/E437779-000,https://image.uniqlo.com/UQ/ST3/AsianCommon/imagesgoods/437779/item/goods_00_437779.jpg
